<?xml version="1.0"?>
<manifest identifier="olat_ims_cp_editor_v1" schemaLocation="http://www.imsglobal.org/xsd/imscp_v1p1 imscp_v1p1.xsd http://www.imsglobal.org/xsd/imsmd_v1p2 imsmd_v1p2p2.xsd">
	<metadata/>
	<organizations>
		<organization identifier="olatcp-99854011956291" structure="hierarchical">
		<title>DBS</title><item identifier="01_INTRO" identifierref="01_INTRO_ref" isvisible="true"><title>INTRO: Einf&#xFC;hrung</title><item identifier="01_INTRO_Datenbanksystem" identifierref="01_INTRO_Datenbanksystem_ref" isvisible="true"><title>Datenbankystem</title></item><item identifier="01_INTRO_Relationenmodell_Beispiel" identifierref="01_INTRO_Relationenmodell_Beispiel_ref" isvisible="true"><title>Relationenmodell (Beispiel)</title></item><item identifier="01_INTRO_Drei_Schema_Architektur" identifierref="01_INTRO_Drei_Schema_Architektur_ref" isvisible="true"><title>Drei-Schema-Architektur</title></item><item identifier="01_INTRO_Transaktion_Beispiel" identifierref="01_INTRO_Transaktion_Beispiel_ref" isvisible="true"><title>Transaktion (Beispiel)</title></item><item identifier="01_INTRO_DBS_Nutzer" identifierref="01_INTRO_DBS_Nutzer_ref" isvisible="true"><title>Datenbank-Nutzer</title></item></item><item identifier="02_RM" identifierref="02_RM_ref" isvisible="true"><title>RM: Das Relationale Modell</title><item identifier="02_RM_Relationen_in_Tabellendarstellung" identifierref="02_RM_Relationen_in_Tabellendarstellung_ref" isvisible="true"><title>Relation in Tabellendarstellung</title></item><item identifier="02_RM_Schluesselkandidat" identifierref="02_RM_Schluesselkandidat_ref" isvisible="true"><title>Schl&#xFC;sselkandidat</title></item><item identifier="02_RM_Primaerschluessel" identifierref="02_RM_Primaerschluessel_ref" isvisible="true"><title>Prim&#xE4;rschl&#xFC;ssel</title></item><item identifier="02_RM_Fremdschluessel" identifierref="02_RM_Fremdschluessel_ref" isvisible="true"><title>Fremdschl&#xFC;ssel</title></item><item identifier="02_RM_Relationenmodell_in_SQL" identifierref="02_RM_Relationenmodell_in_SQL_ref" isvisible="true"><title>Relationenmodell in SQL</title></item><item identifier="02_RM_Wartung_Referentielle_Integritaet_Beispiel" identifierref="02_RM_Wartung_Referentielle_Integritaet_Beispiel_ref" isvisible="true"><title>Wartung Referentielle Integrit&#xE4;t</title></item></item><item identifier="03_SQL-1" identifierref="03_SQL-1_ref" isvisible="true"><title>SQL-1: Datenbanksprache SQL (Teil 1)</title><item identifier="03_SQL-1_Einfache_Selektionen_und_Projektionen" identifierref="03_SQL-1_Einfache_Selektionen_und_Projektionen_ref" isvisible="true"><title>Selektion und Projektion</title></item><item identifier="03_SQL-1_Sortierung" identifierref="03_SQL-1_Sortierung_ref" isvisible="true"><title>Sortierung</title></item><item identifier="03_SQL-1_Duplikateliminierung" identifierref="03_SQL-1_Duplikateliminierung_ref" isvisible="true"><title>Duplikateliminierung</title></item><item identifier="03_SQL-1_Ausgabebearbeitung_Fallunterscheidung" identifierref="03_SQL-1_Ausgabebearbeitung_Fallunterscheidung_ref" isvisible="true"><title>Fallunterscheidung</title></item><item identifier="03_SQL-1_Join_Beispiel" identifierref="03_SQL-1_Join_Beispiel_ref" isvisible="true"><title>Join (Beispiel)</title></item><item identifier="03_SQL-1_Join-Anfragen-1" identifierref="03_SQL-1_Join-Anfragen-1_ref" isvisible="true"><title>Join-Anfragen (1)</title></item><item identifier="03_SQL-1_Join-Anfragen-2" identifierref="03_SQL-1_Join-Anfragen-2_ref" isvisible="true"><title>Join-Anfragen (2)</title></item><item identifier="03_SQL-1_Schreibweisen_Joins" identifierref="03_SQL-1_Schreibweisen_Joins_ref" isvisible="true"><title>Schreibweisen Join</title></item><item identifier="03_SQL-1_Join-Anfragen-3" identifierref="03_SQL-1_Join-Anfragen-3_ref" isvisible="true"><title>Join-Anfragen (3)</title></item><item identifier="03_SQL-1_OuterJoin" identifierref="03_SQL-1_OuterJoin_ref" isvisible="true"><title>Outer Join</title></item></item><item identifier="03_SQL-2" identifierref="03_SQL-2_ref" isvisible="true"><title>SQL-2: Datenbanksprache SQL (Teil 2)</title><item identifier="03_SQL-2_SubQuery" identifierref="03_SQL-2_SubQuery_ref" isvisible="true"><title>SubQuery (Unterabfrage)</title></item><item identifier="03_SQL-2_Einfach_vs_korrelierte_SubQuery" identifierref="03_SQL-2_Einfach_vs_korrelierte_SubQuery_ref" isvisible="true"><title>Einfache vs. korrelierte SubQuery</title></item><item identifier="03_SQL-2_AggregatFunktion" identifierref="03_SQL-2_AggregatFunktion_ref" isvisible="true"><title>Aggregatfunktion</title></item><item identifier="03_SQL-2_AggregatFunktion_2" identifierref="03_SQL-2_AggregatFunktion_2_ref" isvisible="true"><title>Aggregatfunktion (2)</title></item><item identifier="03_SQL-2_AggregatFunktion_3" identifierref="03_SQL-2_AggregatFunktion_3_ref" isvisible="true"><title>Aggregatfunktion (3)</title></item><item identifier="03_SQL-2_Gruppierung" identifierref="03_SQL-2_Gruppierung_ref" isvisible="true"><title>Gruppierung</title></item><item identifier="03_SQL-2_Mehrere_Gruppierungsattribute" identifierref="03_SQL-2_Mehrere_Gruppierungsattribute_ref" isvisible="true"><title>Mehrere Gruppierungsattribute</title></item><item identifier="03_SQL-2_Having" identifierref="03_SQL-2_Having_ref" isvisible="true"><title>HAVING-Pr&#xE4;dikat</title></item><item identifier="03_SQL-2_Like_Praedikat" identifierref="03_SQL-2_Like_Praedikat_ref" isvisible="true"><title>LIKE-Pr&#xE4;dikat</title></item><item identifier="03_SQL-2_Between_Praedikat" identifierref="03_SQL-2_Between_Praedikat_ref" isvisible="true"><title>BETWEEN-Pr&#xE4;dikat</title></item><item identifier="03_SQL-2_IN_Praedikat" identifierref="03_SQL-2_IN_Praedikat_ref" isvisible="true"><title>IN-Pr&#xE4;dikat</title></item><item identifier="03_SQL-2_NULL_Problemfaelle" identifierref="03_SQL-2_NULL_Problemfaelle_ref" isvisible="true"><title>NULL-Werte: Problemf&#xE4;lle</title></item><item identifier="03_SQL-2_NULL_Problemfaelle_2" identifierref="03_SQL-2_NULL_Problemfaelle_2_ref" isvisible="true"><title>NULL-Werte: Problemf&#xE4;lle (2)</title></item><item identifier="03_SQL-2_Quantifizierte_Praedikate" identifierref="03_SQL-2_Quantifizierte_Praedikate_ref" isvisible="true"><title>Quantifizierte Pr&#xE4;dikate</title></item><item identifier="03_SQL-2_Existenztests" identifierref="03_SQL-2_Existenztests_ref" isvisible="true"><title>Existenztests</title></item><item identifier="03_SQL-2_Existenztests_2" identifierref="03_SQL-2_Existenztests_2_ref" isvisible="true"><title>Existenztests (2)</title></item><item identifier="03_SQL-2_Mengenoperatoren" identifierref="03_SQL-2_Mengenoperatoren_ref" isvisible="true"><title>Mengenoperatoren</title></item><item identifier="03_SQL-2_INSERT" identifierref="03_SQL-2_INSERT_ref" isvisible="true"><title>INSERT-Anweisung</title></item><item identifier="03_SQL-2_UPDATE" identifierref="03_SQL-2_UPDATE_ref" isvisible="true"><title>UPDATE-Anweisung</title></item><item identifier="03_SQL-2_DELETE" identifierref="03_SQL-2_DELETE_ref" isvisible="true"><title>DELETE-Anweisung</title></item><item identifier="03_SQL-2_MERGE" identifierref="03_SQL-2_MERGE_ref" isvisible="true"><title>MERGE-Anweisung</title></item></item><item identifier="04_ER" identifierref="04_ER_ref" isvisible="true"><title>ER: Entity-Relationship-Modell</title><item identifier="04_ER_Attribute" identifierref="04_ER_Attribute_ref" isvisible="true"><title>Attribute</title></item><item identifier="04_ER_Anwendungsbeispiel1" identifierref="04_ER_Anwendungsbeispiel1_ref" isvisible="true"><title>Anwendungsbeispiel 1</title></item><item identifier="04_ER_Relationsships" identifierref="04_ER_Relationsships_ref" isvisible="true"><title>Relationsships</title></item><item identifier="04_ER_Relationships_Rekursive_Beziehung" identifierref="04_ER_Relationships_Rekursive_Beziehung_ref" isvisible="true"><title>Relationships: Rekursive Beziehung</title></item><item identifier="04_ER_Beziehung_11" identifierref="04_ER_Beziehung_11_ref" isvisible="true"><title>Beziehung 1:1</title></item><item identifier="04_ER_Beziehung_N1" identifierref="04_ER_Beziehung_N1_ref" isvisible="true"><title>Beziehung 1:N</title></item><item identifier="04_ER_Beziehung_NM" identifierref="04_ER_Beziehung_NM_ref" isvisible="true"><title>Beziehung N:M</title></item><item identifier="04_ER_Beziehung_Ueberblick" identifierref="04_ER_Beziehung_Ueberblick_ref" isvisible="true"><title>Beziehung: &#xDC;berblick</title></item><item identifier="04_ER_Anwendungsbeispiel2" identifierref="04_ER_Anwendungsbeispiel2_ref" isvisible="true"><title>Anwendungsbeispiel 2</title></item><item identifier="04_ER_MinMaxNotation" identifierref="04_ER_MinMaxNotation_ref" isvisible="true"><title>Min-Max-Notation</title></item><item identifier="04_ER_Anwendungsbeispiel2_MinMaxNotation" identifierref="04_ER_Anwendungsbeispiel2_MinMaxNotation_ref" isvisible="true"><title>Anwendungsbeispiel 2 mit Min-Max-Notation</title></item><item identifier="04_ER_Anwendungsbeispiel3" identifierref="04_ER_Anwendungsbeispiel3_ref" isvisible="true"><title>Anwendungsbeispiel 3</title></item><item identifier="04_ER_Arten_der_Spezialisierung" identifierref="04_ER_Arten_der_Spezialisierung_ref" isvisible="true"><title>Arten der Spezialisierung</title></item></item><item identifier="05_ER2RM" identifierref="05_ER2RM_ref" isvisible="true"><title>ER2RM: Umwandlung ER-Modelle in relationale Modelle</title><item identifier="05_ER2RM_EntityMenge" identifierref="05_ER2RM_EntityMenge_ref" isvisible="true"><title>Entity-Menge</title></item><item identifier="05_ER2RM_RelationshipMenge_NM" identifierref="05_ER2RM_RelationshipMenge_NM_ref" isvisible="true"><title>Relationship-Menge N:M</title></item><item identifier="05_ER2RM_RelationshipMenge_N1" identifierref="05_ER2RM_RelationshipMenge_N1_ref" isvisible="true"><title>Relationship-Menge 1:N</title></item><item identifier="05_ER2RM_MehrwertigeAttribute" identifierref="05_ER2RM_MehrwertigeAttribute_ref" isvisible="true"><title>Mehrwertiges Attribut</title></item><item identifier="05_ER2RM_SchwacheEntityMenge" identifierref="05_ER2RM_SchwacheEntityMenge_ref" isvisible="true"><title>Schwache Entity-Menge</title></item><item identifier="05_ER2RM_VertikalePartitionierung" identifierref="05_ER2RM_VertikalePartitionierung_ref" isvisible="true"><title>Vertikale Partitionierung</title></item><item identifier="05_ER2RM_HorizontalePartitionierung" identifierref="05_ER2RM_HorizontalePartitionierung_ref" isvisible="true"><title>Horizontale Partitionierung</title></item><item identifier="05_ER2RM_VolleRedundanz" identifierref="05_ER2RM_VolleRedundanz_ref" isvisible="true"><title>VolleRedundanz</title></item><item identifier="05_ER2RM_WideTable" identifierref="05_ER2RM_WideTable_ref" isvisible="true"><title>WideTable</title></item><item identifier="05_ER2RM_Generalisierung_Beispiel" identifierref="05_ER2RM_Generalisierung_Beispiel_ref" isvisible="true"><title>Generalisierung: Beispiel</title></item><item identifier="05_ER2RM_Generalisierung_Vergleich" identifierref="05_ER2RM_Generalisierung_Vergleich_ref" isvisible="true"><title>Generalisierung: Vergleich</title></item></item><item identifier="06_NORM" identifierref="06_NORM_ref" isvisible="true"><title>NORM: Normalisierung von Relationen</title><item identifier="06_NORM_Schlechtes_Schema" identifierref="06_NORM_Schlechtes_Schema_ref" isvisible="true"><title>Schlechtes Schema </title></item><item identifier="06_NORM_Funktionale_Abhaengigkeit" identifierref="06_NORM_Funktionale_Abhaengigkeit_ref" isvisible="true"><title>Funktionale Abh&#xE4;ngigkeit</title></item><item identifier="06_NORM_Schluessel" identifierref="06_NORM_Schluessel_ref" isvisible="true"><title>Schl&#xFC;ssel</title></item><item identifier="06_NORM_FA_und_Schluessel" identifierref="06_NORM_FA_und_Schluessel_ref" isvisible="true"><title>FA und Schl&#xFC;ssel</title></item><item identifier="06_NORM_Zweite_Normalform" identifierref="06_NORM_Zweite_Normalform_ref" isvisible="true"><title>Zweite Normalform (2NF)</title></item><item identifier="06_NORM_Ueberfuehrung_in_2NF" identifierref="06_NORM_Ueberfuehrung_in_2NF_ref" isvisible="true"><title>&#xDC;berf&#xFC;hrung in 2NF</title></item><item identifier="06_NORM_Dritte_Normalform" identifierref="06_NORM_Dritte_Normalform_ref" isvisible="true"><title>Dritte Normalform (3NF)</title></item><item identifier="06_NORM_Ueberfuehrung_in_3NF" identifierref="06_NORM_Ueberfuehrung_in_3NF_ref" isvisible="true"><title>&#xDC;berf&#xFC;hrung in 3NF</title></item><item identifier="06_NORM_Nachteile_3NF" identifierref="06_NORM_Nachteile_3NF_ref" isvisible="true"><title>Nachteile 3NF</title></item><item identifier="06_NORM_Probleme_BCNF" identifierref="06_NORM_Probleme_BCNF_ref" isvisible="true"><title>Probleme BCNF</title></item></item><item identifier="08_DK" identifierref="08_DK_ref" isvisible="true"><title>DK: Datenkontrolle</title><item identifier="08_DK_Transaktion_Beispiel" identifierref="08_DK_Transaktion_Beispiel_ref" isvisible="true"><title>Transaktion (Beispiel)</title></item><item identifier="08_DK_IntBedingung_Beispiele" identifierref="08_DK_IntBedingung_Beispiele_ref" isvisible="true"><title>Integrit&#xE4;tsbedingungen (Beispiel)</title></item><item identifier="08_DK_Kontrolle" identifierref="08_DK_Kontrolle_ref" isvisible="true"><title>Kontrolle semantischer Int.Bed.</title></item><item identifier="08_DK_Modell_vs_Anwendung" identifierref="08_DK_Modell_vs_Anwendung_ref" isvisible="true"><title>Modellinh&#xE4;rente vs. anwendungsspezifische Int.Bed.</title></item><item identifier="08_DK_Reichweite" identifierref="08_DK_Reichweite_ref" isvisible="true"><title>Reichweite von Int.Bed.</title></item><item identifier="08_DK_Dynamisch_vs_statisch" identifierref="08_DK_Dynamisch_vs_statisch_ref" isvisible="true"><title>Dynamische vs. statische Int.Bed.</title></item><item identifier="08_DK_Trigger" identifierref="08_DK_Trigger_ref" isvisible="true"><title>Trigger</title></item><item identifier="08_DK_Sicht_Beispiel" identifierref="08_DK_Sicht_Beispiel_ref" isvisible="true"><title>Sicht/View: Beispiel</title></item><item identifier="08_DK_Sicht_Semantik" identifierref="08_DK_Sicht_Semantik_ref" isvisible="true"><title>Sicht/View: Semantik</title></item><item identifier="08_DK_Sicht_Aenderung" identifierref="08_DK_Sicht_Aenderung_ref" isvisible="true"><title>Sicht/View: &#xC4;nderung</title></item><item identifier="08_DK_INSTEAD_OF_Trigger" identifierref="08_DK_INSTEAD_OF_Trigger_ref" isvisible="true"><title>INSTEAD-OF-Trigger</title></item></item></organization>
	</organizations>
	<resources>
	<resource identifier="01_INTRO_ref" href="01_INTRO.html" type="text/html"><file href="01_INTRO.html"/></resource><resource identifier="01_INTRO_Datenbanksystem_ref" href="01_INTRO_Datenbanksystem.html" type="text/html"><file href="01_INTRO_Datenbanksystem.html"/></resource><resource identifier="01_INTRO_Relationenmodell_Beispiel_ref" href="01_INTRO_Relationenmodell_Beispiel.html" type="text/html"><file href="01_INTRO_Relationenmodell_Beispiel.html"/></resource><resource identifier="01_INTRO_Drei_Schema_Architektur_ref" href="01_INTRO_Drei_Schema_Architektur.html" type="text/html"><file href="01_INTRO_Drei_Schema_Architektur.html"/></resource><resource identifier="01_INTRO_Transaktion_Beispiel_ref" href="01_INTRO_Transaktion_Beispiel.html" type="text/html"><file href="01_INTRO_Transaktion_Beispiel.html"/></resource><resource identifier="01_INTRO_DBS_Nutzer_ref" href="01_INTRO_DBS_Nutzer.html" type="text/html"><file href="01_INTRO_DBS_Nutzer.html"/></resource><resource identifier="02_RM_ref" href="02_RM.html" type="text/html"><file href="02_RM.html"/></resource><resource identifier="02_RM_Relationen_in_Tabellendarstellung_ref" href="02_RM_Relationen_in_Tabellendarstellung.html" type="text/html"><file href="02_RM_Relationen_in_Tabellendarstellung.html"/></resource><resource identifier="02_RM_Schluesselkandidat_ref" href="02_RM_Schluesselkandidat.html" type="text/html"><file href="02_RM_Schluesselkandidat.html"/></resource><resource identifier="02_RM_Primaerschluessel_ref" href="02_RM_Primaerschluessel.html" type="text/html"><file href="02_RM_Primaerschluessel.html"/></resource><resource identifier="02_RM_Fremdschluessel_ref" href="02_RM_Fremdschluessel.html" type="text/html"><file href="02_RM_Fremdschluessel.html"/></resource><resource identifier="02_RM_Relationenmodell_in_SQL_ref" href="02_RM_Relationenmodell_in_SQL.html" type="text/html"><file href="02_RM_Relationenmodell_in_SQL.html"/></resource><resource identifier="02_RM_Wartung_Referentielle_Integritaet_Beispiel_ref" href="02_RM_Wartung_Referentielle_Integritaet_Beispiel.html" type="text/html"><file href="02_RM_Wartung_Referentielle_Integritaet_Beispiel.html"/></resource><resource identifier="03_SQL-1_ref" href="03_SQL-1.html" type="text/html"><file href="03_SQL-1.html"/></resource><resource identifier="03_SQL-1_Einfache_Selektionen_und_Projektionen_ref" href="03_SQL-1_Einfache_Selektionen_und_Projektionen.html" type="text/html"><file href="03_SQL-1_Einfache_Selektionen_und_Projektionen.html"/></resource><resource identifier="03_SQL-1_Sortierung_ref" href="03_SQL-1_Sortierung.html" type="text/html"><file href="03_SQL-1_Sortierung.html"/></resource><resource identifier="03_SQL-1_Duplikateliminierung_ref" href="03_SQL-1_Duplikateliminierung.html" type="text/html"><file href="03_SQL-1_Duplikateliminierung.html"/></resource><resource identifier="03_SQL-1_Ausgabebearbeitung_Fallunterscheidung_ref" href="03_SQL-1_Ausgabebearbeitung_Fallunterscheidung.html" type="text/html"><file href="03_SQL-1_Ausgabebearbeitung_Fallunterscheidung.html"/></resource><resource identifier="03_SQL-1_Join_Beispiel_ref" href="03_SQL-1_Join_Beispiel.html" type="text/html"><file href="03_SQL-1_Join_Beispiel.html"/></resource><resource identifier="03_SQL-1_Join-Anfragen-1_ref" href="03_SQL-1_Join-Anfragen-1.html" type="text/html"><file href="03_SQL-1_Join-Anfragen-1.html"/></resource><resource identifier="03_SQL-1_Join-Anfragen-2_ref" href="03_SQL-1_Join-Anfragen-2.html" type="text/html"><file href="03_SQL-1_Join-Anfragen-2.html"/></resource><resource identifier="03_SQL-1_Schreibweisen_Joins_ref" href="03_SQL-1_Schreibweisen_Joins.html" type="text/html"><file href="03_SQL-1_Schreibweisen_Joins.html"/></resource><resource identifier="03_SQL-1_Join-Anfragen-3_ref" href="03_SQL-1_Join-Anfragen-3.html" type="text/html"><file href="03_SQL-1_Join-Anfragen-3.html"/></resource><resource identifier="03_SQL-1_OuterJoin_ref" href="03_SQL-1_OuterJoin.html" type="text/html"><file href="03_SQL-1_OuterJoin.html"/></resource><resource identifier="03_SQL-2_ref" href="03_SQL-2.html" type="text/html"><file href="03_SQL-2.html"/></resource><resource identifier="03_SQL-2_SubQuery_ref" href="03_SQL-2_SubQuery.html" type="text/html"><file href="03_SQL-2_SubQuery.html"/></resource><resource identifier="03_SQL-2_Einfach_vs_korrelierte_SubQuery_ref" href="03_SQL-2_Einfach_vs_korrelierte_SubQuery.html" type="text/html"><file href="03_SQL-2_Einfach_vs_korrelierte_SubQuery.html"/></resource><resource identifier="03_SQL-2_AggregatFunktion_ref" href="03_SQL-2_AggregatFunktion.html" type="text/html"><file href="03_SQL-2_AggregatFunktion.html"/></resource><resource identifier="03_SQL-2_AggregatFunktion_2_ref" href="03_SQL-2_AggregatFunktion_2.html" type="text/html"><file href="03_SQL-2_AggregatFunktion_2.html"/></resource><resource identifier="03_SQL-2_AggregatFunktion_3_ref" href="03_SQL-2_AggregatFunktion_3.html" type="text/html"><file href="03_SQL-2_AggregatFunktion_3.html"/></resource><resource identifier="03_SQL-2_Gruppierung_ref" href="03_SQL-2_Gruppierung.html" type="text/html"><file href="03_SQL-2_Gruppierung.html"/></resource><resource identifier="03_SQL-2_Mehrere_Gruppierungsattribute_ref" href="03_SQL-2_Mehrere_Gruppierungsattribute.html" type="text/html"><file href="03_SQL-2_Mehrere_Gruppierungsattribute.html"/></resource><resource identifier="03_SQL-2_Having_ref" href="03_SQL-2_Having.html" type="text/html"><file href="03_SQL-2_Having.html"/></resource><resource identifier="03_SQL-2_Like_Praedikat_ref" href="03_SQL-2_Like_Praedikat.html" type="text/html"><file href="03_SQL-2_Like_Praedikat.html"/></resource><resource identifier="03_SQL-2_Between_Praedikat_ref" href="03_SQL-2_Between_Praedikat.html" type="text/html"><file href="03_SQL-2_Between_Praedikat.html"/></resource><resource identifier="03_SQL-2_IN_Praedikat_ref" href="03_SQL-2_IN_Praedikat.html" type="text/html"><file href="03_SQL-2_IN_Praedikat.html"/></resource><resource identifier="03_SQL-2_NULL_Problemfaelle_ref" href="03_SQL-2_NULL_Problemfaelle.html" type="text/html"><file href="03_SQL-2_NULL_Problemfaelle.html"/></resource><resource identifier="03_SQL-2_NULL_Problemfaelle_2_ref" href="03_SQL-2_NULL_Problemfaelle_2.html" type="text/html"><file href="03_SQL-2_NULL_Problemfaelle_2.html"/></resource><resource identifier="03_SQL-2_Quantifizierte_Praedikate_ref" href="03_SQL-2_Quantifizierte_Praedikate.html" type="text/html"><file href="03_SQL-2_Quantifizierte_Praedikate.html"/></resource><resource identifier="03_SQL-2_Existenztests_ref" href="03_SQL-2_Existenztests.html" type="text/html"><file href="03_SQL-2_Existenztests.html"/></resource><resource identifier="03_SQL-2_Existenztests_2_ref" href="03_SQL-2_Existenztests_2.html" type="text/html"><file href="03_SQL-2_Existenztests_2.html"/></resource><resource identifier="03_SQL-2_Mengenoperatoren_ref" href="03_SQL-2_Mengenoperatoren.html" type="text/html"><file href="03_SQL-2_Mengenoperatoren.html"/></resource><resource identifier="03_SQL-2_INSERT_ref" href="03_SQL-2_INSERT.html" type="text/html"><file href="03_SQL-2_INSERT.html"/></resource><resource identifier="03_SQL-2_UPDATE_ref" href="03_SQL-2_UPDATE.html" type="text/html"><file href="03_SQL-2_UPDATE.html"/></resource><resource identifier="03_SQL-2_DELETE_ref" href="03_SQL-2_DELETE.html" type="text/html"><file href="03_SQL-2_DELETE.html"/></resource><resource identifier="03_SQL-2_MERGE_ref" href="03_SQL-2_MERGE.html" type="text/html"><file href="03_SQL-2_MERGE.html"/></resource><resource identifier="04_ER_ref" href="04_ER.html" type="text/html"><file href="04_ER.html"/></resource><resource identifier="04_ER_Attribute_ref" href="04_ER_Attribute.html" type="text/html"><file href="04_ER_Attribute.html"/></resource><resource identifier="04_ER_Anwendungsbeispiel1_ref" href="04_ER_Anwendungsbeispiel1.html" type="text/html"><file href="04_ER_Anwendungsbeispiel1.html"/></resource><resource identifier="04_ER_Relationsships_ref" href="04_ER_Relationsships.html" type="text/html"><file href="04_ER_Relationsships.html"/></resource><resource identifier="04_ER_Relationships_Rekursive_Beziehung_ref" href="04_ER_Relationships_Rekursive_Beziehung.html" type="text/html"><file href="04_ER_Relationships_Rekursive_Beziehung.html"/></resource><resource identifier="04_ER_Beziehung_11_ref" href="04_ER_Beziehung_11.html" type="text/html"><file href="04_ER_Beziehung_11.html"/></resource><resource identifier="04_ER_Beziehung_N1_ref" href="04_ER_Beziehung_N1.html" type="text/html"><file href="04_ER_Beziehung_N1.html"/></resource><resource identifier="04_ER_Beziehung_NM_ref" href="04_ER_Beziehung_NM.html" type="text/html"><file href="04_ER_Beziehung_NM.html"/></resource><resource identifier="04_ER_Beziehung_Ueberblick_ref" href="04_ER_Beziehung_Ueberblick.html" type="text/html"><file href="04_ER_Beziehung_Ueberblick.html"/></resource><resource identifier="04_ER_Anwendungsbeispiel2_ref" href="04_ER_Anwendungsbeispiel2.html" type="text/html"><file href="04_ER_Anwendungsbeispiel2.html"/></resource><resource identifier="04_ER_MinMaxNotation_ref" href="04_ER_MinMaxNotation.html" type="text/html"><file href="04_ER_MinMaxNotation.html"/></resource><resource identifier="04_ER_Anwendungsbeispiel2_MinMaxNotation_ref" href="04_ER_Anwendungsbeispiel2_MinMaxNotation.html" type="text/html"><file href="04_ER_Anwendungsbeispiel2_MinMaxNotation.html"/></resource><resource identifier="04_ER_Anwendungsbeispiel3_ref" href="04_ER_Anwendungsbeispiel3.html" type="text/html"><file href="04_ER_Anwendungsbeispiel3.html"/></resource><resource identifier="04_ER_Arten_der_Spezialisierung_ref" href="04_ER_Arten_der_Spezialisierung.html" type="text/html"><file href="04_ER_Arten_der_Spezialisierung.html"/></resource><resource identifier="05_ER2RM_ref" href="05_ER2RM.html" type="text/html"><file href="05_ER2RM.html"/></resource><resource identifier="05_ER2RM_EntityMenge_ref" href="05_ER2RM_EntityMenge.html" type="text/html"><file href="05_ER2RM_EntityMenge.html"/></resource><resource identifier="05_ER2RM_RelationshipMenge_NM_ref" href="05_ER2RM_RelationshipMenge_NM.html" type="text/html"><file href="05_ER2RM_RelationshipMenge_NM.html"/></resource><resource identifier="05_ER2RM_RelationshipMenge_N1_ref" href="05_ER2RM_RelationshipMenge_N1.html" type="text/html"><file href="05_ER2RM_RelationshipMenge_N1.html"/></resource><resource identifier="05_ER2RM_MehrwertigeAttribute_ref" href="05_ER2RM_MehrwertigeAttribute.html" type="text/html"><file href="05_ER2RM_MehrwertigeAttribute.html"/></resource><resource identifier="05_ER2RM_SchwacheEntityMenge_ref" href="05_ER2RM_SchwacheEntityMenge.html" type="text/html"><file href="05_ER2RM_SchwacheEntityMenge.html"/></resource><resource identifier="05_ER2RM_VertikalePartitionierung_ref" href="05_ER2RM_VertikalePartitionierung.html" type="text/html"><file href="05_ER2RM_VertikalePartitionierung.html"/></resource><resource identifier="05_ER2RM_HorizontalePartitionierung_ref" href="05_ER2RM_HorizontalePartitionierung.html" type="text/html"><file href="05_ER2RM_HorizontalePartitionierung.html"/></resource><resource identifier="05_ER2RM_VolleRedundanz_ref" href="05_ER2RM_VolleRedundanz.html" type="text/html"><file href="05_ER2RM_VolleRedundanz.html"/></resource><resource identifier="05_ER2RM_WideTable_ref" href="05_ER2RM_WideTable.html" type="text/html"><file href="05_ER2RM_WideTable.html"/></resource><resource identifier="05_ER2RM_Generalisierung_Beispiel_ref" href="05_ER2RM_Generalisierung_Beispiel.html" type="text/html"><file href="05_ER2RM_Generalisierung_Beispiel.html"/></resource><resource identifier="05_ER2RM_Generalisierung_Vergleich_ref" href="05_ER2RM_Generalisierung_Vergleich.html" type="text/html"><file href="05_ER2RM_Generalisierung_Vergleich.html"/></resource><resource identifier="06_NORM_ref" href="06_NORM.html" type="text/html"><file href="06_NORM.html"/></resource><resource identifier="06_NORM_Schlechtes_Schema_ref" href="06_NORM_Schlechtes_Schema.html" type="text/html"><file href="06_NORM_Schlechtes_Schema.html"/></resource><resource identifier="06_NORM_Funktionale_Abhaengigkeit_ref" href="06_NORM_Funktionale_Abhaengigkeit.html" type="text/html"><file href="06_NORM_Funktionale_Abhaengigkeit.html"/></resource><resource identifier="06_NORM_Schluessel_ref" href="06_NORM_Schluessel.html" type="text/html"><file href="06_NORM_Schluessel.html"/></resource><resource identifier="06_NORM_FA_und_Schluessel_ref" href="06_NORM_FA_und_Schluessel.html" type="text/html"><file href="06_NORM_FA_und_Schluessel.html"/></resource><resource identifier="06_NORM_Zweite_Normalform_ref" href="06_NORM_Zweite_Normalform.html" type="text/html"><file href="06_NORM_Zweite_Normalform.html"/></resource><resource identifier="06_NORM_Ueberfuehrung_in_2NF_ref" href="06_NORM_Ueberfuehrung_in_2NF.html" type="text/html"><file href="06_NORM_Ueberfuehrung_in_2NF.html"/></resource><resource identifier="06_NORM_Dritte_Normalform_ref" href="06_NORM_Dritte_Normalform.html" type="text/html"><file href="06_NORM_Dritte_Normalform.html"/></resource><resource identifier="06_NORM_Ueberfuehrung_in_3NF_ref" href="06_NORM_Ueberfuehrung_in_3NF.html" type="text/html"><file href="06_NORM_Ueberfuehrung_in_3NF.html"/></resource><resource identifier="06_NORM_Nachteile_3NF_ref" href="06_NORM_Nachteile_3NF.html" type="text/html"><file href="06_NORM_Nachteile_3NF.html"/></resource><resource identifier="06_NORM_Probleme_BCNF_ref" href="06_NORM_Probleme_BCNF.html" type="text/html"><file href="06_NORM_Probleme_BCNF.html"/></resource><resource identifier="08_DK_ref" href="08_DK.html" type="text/html"><file href="08_DK.html"/></resource><resource identifier="08_DK_Transaktion_Beispiel_ref" href="08_DK_Transaktion_Beispiel.html" type="text/html"><file href="08_DK_Transaktion_Beispiel.html"/></resource><resource identifier="08_DK_IntBedingung_Beispiele_ref" href="08_DK_IntBedingung_Beispiele.html" type="text/html"><file href="08_DK_IntBedingung_Beispiele.html"/></resource><resource identifier="08_DK_Kontrolle_ref" href="08_DK_Kontrolle.html" type="text/html"><file href="08_DK_Kontrolle.html"/></resource><resource identifier="08_DK_Modell_vs_Anwendung_ref" href="08_DK_Modell_vs_Anwendung.html" type="text/html"><file href="08_DK_Modell_vs_Anwendung.html"/></resource><resource identifier="08_DK_Reichweite_ref" href="08_DK_Reichweite.html" type="text/html"><file href="08_DK_Reichweite.html"/></resource><resource identifier="08_DK_Dynamisch_vs_statisch_ref" href="08_DK_Dynamisch_vs_statisch.html" type="text/html"><file href="08_DK_Dynamisch_vs_statisch.html"/></resource><resource identifier="08_DK_Trigger_ref" href="08_DK_Trigger.html" type="text/html"><file href="08_DK_Trigger.html"/></resource><resource identifier="08_DK_Sicht_Beispiel_ref" href="08_DK_Sicht_Beispiel.html" type="text/html"><file href="08_DK_Sicht_Beispiel.html"/></resource><resource identifier="08_DK_Sicht_Semantik_ref" href="08_DK_Sicht_Semantik.html" type="text/html"><file href="08_DK_Sicht_Semantik.html"/></resource><resource identifier="08_DK_Sicht_Aenderung_ref" href="08_DK_Sicht_Aenderung.html" type="text/html"><file href="08_DK_Sicht_Aenderung.html"/></resource><resource identifier="08_DK_INSTEAD_OF_Trigger_ref" href="08_DK_INSTEAD_OF_Trigger.html" type="text/html"><file href="08_DK_INSTEAD_OF_Trigger.html"/></resource></resources>
</manifest>
